[{"fields":[{"id":"0","type":"name","label":"Name","format":"simple","description":"","required":"1","size":"large","simple_placeholder":"Enter your name","simple_default":"","first_placeholder":"","first_default":"","middle_placeholder":"","middle_default":"","last_placeholder":"","last_default":"","label_hide":"1","css":""},{"id":"1","type":"email","label":"Email","description":"","required":"1","size":"large","placeholder":"Enter email address","confirmation_placeholder":"","label_hide":"1","default_value":"","css":"","filter_type":"","allowlist":"","denylist":""},{"id":"2","type":"textarea","label":"Comment or Message","description":"","required":"1","size":"medium","placeholder":"Enter your message","label_hide":"1","limit_count":"1","limit_mode":"characters","default_value":"","css":""}],"id":"442","field_id":"3","settings":{"form_title":"Simple Contact Form","form_desc":"","form_class":"","submit_text":"SEND MESSAGE","submit_text_processing":"Sending...","submit_class":"","antispam":"1","notification_enable":"1","notifications":{"1":{"email":"{admin_email}","subject":"New Entry: Simple Contact Form","sender_name":"Guitarist","sender_address":"{admin_email}","replyto":"{field_id=\"1\"}","message":"{all_fields}"}},"confirmations":{"1":{"type":"message","message":"Thanks for contacting us! We will be in touch with you shortly.","message_scroll":"1","page":"29","redirect":""}}},"meta":{"template":"contact"}},{"fields":{"1":{"id":"1","type":"email","label":"Email","description":"","required":"1","size":"medium","placeholder":"Enter email address","confirmation_placeholder":"","label_hide":"1","default_value":"","css":"","filter_type":"","allowlist":"","denylist":""}},"id":"202","field_id":"2","settings":{"form_title":"Newsletter Signup Form","form_desc":"","form_class":"inline-fields","submit_text":"SUBSCRIBE","submit_text_processing":"Sending...","submit_class":"","antispam":"1","notification_enable":"1","notifications":{"1":{"email":"{admin_email}","subject":"New Newsletter Signup Form Entry","sender_name":"Guitarist","sender_address":"{admin_email}","replyto":"","message":"{all_fields}"}},"confirmations":{"1":{"type":"message","message":"Thanks for contacting us! We will be in touch with you shortly.","message_scroll":"1","page":"29","redirect":""}}},"meta":{"template":"subscribe"}}]